02543,Woods Hole,Barnstable
02633,Chatham,Barnstable
02647,Hyannis Port,Barnstable
02657,Provincetown,Barnstable
02659,South Chatham,Barnstable
02663,South Wellfleet,Barnstable
02671,West Harwich,Barnstable
01201,Pittsfield,Berkshire
01223,Becket,Berkshire
01229,Glendale,Berkshire
01237,Lanesborough,Berkshire
01259,Southfield,Berkshire
02357,North Easton,Bristol
02719,Fairhaven,Bristol
02741,New Bedford,Bristol
02767,Raynham,Bristol
02777,Swansea,Bristol
02791,Westport Point,Bristol
02539,Edgartown,Dukes
02557,Oak Bluffs,Dukes
02713,Cuttyhunk,Dukes
01831,Haverhill,Essex
01901,Lynn,Essex
01907,Swampscott,Essex
01913,Amesbury,Essex
01931,Gloucester,Essex
01949,Middleton,Essex
01951,Newbury,Essex
05501,Andover,Essex
01093,Whately,Franklin
01301,Greenfield,Franklin
01367,Rowe,Franklin
01373,South Deerfield,Franklin
01009,Bondsville,Hampden
01013,Chicopee,Hampden
01021,Chicopee,Hampden
01069,Palmer,Hampden
01097,Woronoco,Hampden
01103,Springfield,Hampden
01109,Springfield,Hampden
01129,Springfield,Hampden
01151,Indian Orchard,Hampden
01033,Granby,Hampshire
01039,Haydenville,Hampshire
01061,Northampton,Hampshire
01063,Northampton,Hampshire
01471,Groton,Middlesex
01721,Ashland,Middlesex
01741,Carlisle,Middlesex
01801,Woburn,Middlesex
01867,Reading,Middlesex
01879,Tyngsboro,Middlesex
01889,North Reading,Middlesex
02141,Cambridge,Middlesex
02143,Somerville,Middlesex
02153,Medford,Middlesex
02459,Newton Center,Middlesex
02467,Chestnut Hill,Middlesex
02477,Watertown,Middlesex
02027,Dedham,Norfolk
02053,Medway,Norfolk
02081,Walpole,Norfolk
02269,Quincy,Norfolk
02447,Brookline Village,Norfolk
02333,East Bridgewater,Plymouth
02339,Hanover,Plymouth
02341,Hanson,Plymouth
02347,Lakeville,Plymouth
02351,Abington,Plymouth
02381,White Horse Beach,Plymouth
02111,Boston,Suffolk
02113,Boston,Suffolk
02129,Charlestown,Suffolk
02131,Roslindale,Suffolk
02137,Readville,Suffolk
02203,Boston,Suffolk
02293,Boston,Suffolk
02297,Boston,Suffolk
01031,Gilbertville,Worcester
01451,Harvard,Worcester
01453,Leominster,Worcester
01523,Lancaster,Worcester
01531,New Braintree,Worcester
01543,Rutland,Worcester
01571,Dudley,Worcester
01583,West Boylston,Worcester
01601,Worcester,Worcester
01607,Worcester,Worcester
01609,Worcester,Worcester
01613,Worcester,Worcester
01747,Hopedale,Worcester
